K,call,density,fd
60.0,42.937527,0.000859,nan
60.5,42.463647,0.000952,0.000953
61.0,41.989993,0.001053,0.001053
61.5,41.516590,0.001161,0.001162
62.0,41.043463,0.001277,0.001278
62.5,40.570640,0.001402,0.001403
63.0,40.098150,0.001536,0.001536
63.5,39.626026,0.001678,0.001678
64.0,39.154301,0.001829,0.001830
64.5,38.683011,0.001989,0.001990
65.0,38.212194,0.002159,0.002160
65.5,37.741891,0.002339,0.002340
66.0,37.272145,0.002528,0.002529
66.5,36.803000,0.002727,0.002728
67.0,36.334504,0.002936,0.002937
67.5,35.866706,0.003155,0.003156
68.0,35.399659,0.003384,0.003385
68.5,34.933417,0.003623,0.003623
69.0,34.468036,0.003871,0.003872
69.5,34.003576,0.004129,0.004130
70.0,33.540098,0.004396,0.004397
70.5,33.077666,0.004673,0.004674
71.0,32.616346,0.004959,0.004960
71.5,32.156205,0.005254,0.005254
72.0,31.697313,0.005557,0.005557
72.5,31.239743,0.005868,0.005869
73.0,30.783569,0.006187,0.006188
73.5,30.328866,0.006514,0.006514
74.0,29.875712,0.006847,0.006848
74.5,29.424187,0.007187,0.007187
75.0,28.974371,0.007533,0.007533
75.5,28.526346,0.007884,0.007884
76.0,28.080196,0.008240,0.008240
76.5,27.636006,0.008600,0.008601
77.0,27.193861,0.008965,0.008965
77.5,26.753848,0.009332,0.009332
78.0,26.316054,0.009702,0.009702
78.5,25.880568,0.010073,0.010073
79.0,25.447477,0.010446,0.010446
79.5,25.016870,0.010819,0.010819
80.0,24.588835,0.011192,0.011192
80.5,24.163463,0.011564,0.011564
81.0,23.740840,0.011935,0.011935
81.5,23.321056,0.012303,0.012303
82.0,22.904197,0.012669,0.012669
82.5,22.490351,0.013031,0.013031
83.0,22.079604,0.013389,0.013389
83.5,21.672041,0.013742,0.013742
84.0,21.267746,0.014090,0.014089
84.5,20.866801,0.014431,0.014430
85.0,20.469288,0.014766,0.014765
85.5,20.075286,0.015093,0.015093
86.0,19.684873,0.015413,0.015412
86.5,19.298126,0.015724,0.015723
87.0,18.915117,0.016026,0.016025
87.5,18.535919,0.016319,0.016318
88.0,18.160602,0.016602,0.016601
88.5,17.789233,0.016875,0.016874
89.0,17.421877,0.017137,0.017136
89.5,17.058595,0.017387,0.017386
90.0,16.699448,0.017627,0.017626
90.5,16.344493,0.017854,0.017853
91.0,15.993783,0.018070,0.018069
91.5,15.647371,0.018273,0.018272
92.0,15.305303,0.018463,0.018462
92.5,14.967626,0.018641,0.018640
93.0,14.634381,0.018805,0.018804
93.5,14.305608,0.018957,0.018956
94.0,13.981343,0.019095,0.019094
94.5,13.661619,0.019220,0.019219
95.0,13.346465,0.019332,0.019331
95.5,13.035908,0.019431,0.019429
96.0,12.729972,0.019516,0.019514
96.5,12.428676,0.019587,0.019586
97.0,12.132039,0.019646,0.019644
97.5,11.840072,0.019691,0.019690
98.0,11.552788,0.019723,0.019722
98.5,11.270195,0.019742,0.019741
99.0,10.992295,0.019749,0.019748
99.5,10.719092,0.019742,0.019741
100.0,10.450584,0.019724,0.019723
100.5,10.186765,0.019693,0.019692
101.0,9.927630,0.019651,0.019650
101.5,9.673168,0.019596,0.019595
102.0,9.423365,0.019531,0.019530
102.5,9.178207,0.019454,0.019453
103.0,8.937675,0.019366,0.019365
103.5,8.701748,0.019268,0.019267
104.0,8.470402,0.019160,0.019159
104.5,8.243613,0.019041,0.019041
105.0,8.021352,0.018914,0.018913
105.5,7.803589,0.018777,0.018776
106.0,7.590290,0.018631,0.018630
106.5,7.381422,0.018477,0.018476
107.0,7.176948,0.018315,0.018314
107.5,6.976829,0.018145,0.018144
108.0,6.781025,0.017967,0.017967
108.5,6.589493,0.017783,0.017783
109.0,6.402190,0.017592,0.017592
109.5,6.219071,0.017395,0.017395
110.0,6.040088,0.017192,0.017192
110.5,5.865194,0.016984,0.016983
111.0,5.694338,0.016770,0.016770
111.5,5.527470,0.016552,0.016552
112.0,5.364539,0.016329,0.016329
112.5,5.205490,0.016103,0.016102
113.0,5.050271,0.015872,0.015872
113.5,4.898826,0.015638,0.015638
114.0,4.751100,0.015402,0.015401
114.5,4.607037,0.015162,0.015162
115.0,4.466579,0.014920,0.014920
115.5,4.329670,0.014677,0.014676
116.0,4.196250,0.014431,0.014431
116.5,4.066262,0.014184,0.014184
117.0,3.939648,0.013936,0.013936
117.5,3.816347,0.013687,0.013687
118.0,3.696301,0.013437,0.013437
118.5,3.579451,0.013187,0.013187
119.0,3.465736,0.012937,0.012937
119.5,3.355098,0.012687,0.012687
120.0,3.247477,0.012438,0.012438
120.5,3.142814,0.012189,0.012189
121.0,3.041050,0.011941,0.011941
121.5,2.942125,0.011694,0.011694
122.0,2.845982,0.011448,0.011449
122.5,2.752561,0.011204,0.011204
123.0,2.661804,0.010962,0.010962
123.5,2.573654,0.010721,0.010721
124.0,2.488053,0.010482,0.010482
124.5,2.404946,0.010245,0.010245
125.0,2.324274,0.010011,0.010011
125.5,2.245984,0.009778,0.009779
126.0,2.170018,0.009549,0.009549
126.5,2.096324,0.009322,0.009322
127.0,2.024846,0.009097,0.009097
127.5,1.955532,0.008876,0.008876
128.0,1.888328,0.008657,0.008657
128.5,1.823184,0.008441,0.008442
129.0,1.760046,0.008229,0.008229
129.5,1.698866,0.008019,0.008020
130.0,1.639593,0.007813,0.007813
130.5,1.582178,0.007610,0.007610
131.0,1.526572,0.007410,0.007411
131.5,1.472729,0.007214,0.007214
132.0,1.420602,0.007021,0.007021
132.5,1.370145,0.006832,0.006832
133.0,1.321312,0.006646,0.006646
133.5,1.274059,0.006463,0.006463
134.0,1.228344,0.006284,0.006284
134.5,1.184123,0.006108,0.006108
135.0,1.141354,0.005936,0.005936
135.5,1.099998,0.005767,0.005768
136.0,1.060012,0.005602,0.005602
136.5,1.021360,0.005440,0.005441
137.0,0.984000,0.005282,0.005282
137.5,0.947897,0.005127,0.005127
138.0,0.913014,0.004976,0.004976
138.5,0.879314,0.004828,0.004828
139.0,0.846762,0.004683,0.004684
139.5,0.815323,0.004542,0.004542
140.0,0.784965,0.004404,0.004404
140.5,0.755655,0.004270,0.004270
141.0,0.727359,0.004138,0.004138
141.5,0.700048,0.004010,0.004010
142.0,0.673691,0.003885,0.003885
142.5,0.648257,0.003763,0.003764
143.0,0.623719,0.003645,0.003645
143.5,0.600047,0.003529,0.003529
144.0,0.577215,0.003416,0.003417
144.5,0.555195,0.003307,0.003307
145.0,0.533962,0.003200,0.003200
145.5,0.513490,0.003096,0.003097
146.0,0.493754,0.002995,0.002996
146.5,0.474730,0.002897,0.002897
147.0,0.456396,0.002802,0.002802
147.5,0.438728,0.002709,0.002709
148.0,0.421704,0.002619,0.002619
148.5,0.405302,0.002531,0.002531
149.0,0.389503,0.002446,0.002446
149.5,0.374285,0.002363,0.002363
150.0,0.359630,0.002283,0.002283
150.5,0.345517,0.002205,0.002205
151.0,0.331929,0.002129,0.002130
151.5,0.318847,0.002056,0.002056
152.0,0.306254,0.001985,0.001985
152.5,0.294133,0.001916,0.001916
153.0,0.282469,0.001849,0.001850
153.5,0.271243,0.001785,0.001785
154.0,0.260443,0.001722,0.001722
154.5,0.250052,0.001661,0.001661
155.0,0.240055,0.001602,0.001602
155.5,0.230440,0.001545,0.001545
156.0,0.221193,0.001490,0.001490
156.5,0.212300,0.001437,0.001437
157.0,0.203748,0.001385,0.001385
157.5,0.195526,0.001335,0.001335
158.0,0.187622,0.001287,0.001287
158.5,0.180023,0.001240,0.001240
159.0,0.172720,0.001195,0.001195
159.5,0.165700,0.001151,0.001151
160.0,0.158954,0.001109,nan
